{"count":1,"self":20.902112,"total":21.0923195,"children":{"AgentResetIfDone":{"count":515,"self":0.0050035,"total":0.0050035,"children":null},"AgentSendState":{"count":515,"self":0.0050104,"total":0.0089996,"children":{"CollectObservations":{"count":510,"self":0.0039892,"total":0.0039892,"children":null}}},"DecideAction":{"count":515,"self":0.1591926,"total":0.1591926,"children":null},"AcademyStep":{"count":515,"self":0.0010105,"total":0.0010105,"children":null},"AgentAct":{"count":515,"self":0.013999999999999999,"total":0.013999999999999999,"children":null}}}