{"count":1,"self":4.098752,"total":4.151587,"children":{"AgentResetIfDone":{"count":130,"self":0.001831,"total":0.001831,"children":null},"AgentSendState":{"count":130,"self":0.003988,"total":0.005104,"children":{"CollectObservations":{"count":120,"self":0.001116,"total":0.001116,"children":null}}},"DecideAction":{"count":130,"self":0.041461,"total":0.041461,"children":null},"AcademyStep":{"count":130,"self":0.000332,"total":0.000332,"children":null},"AgentAct":{"count":130,"self":0.0028799999999999997,"total":0.0028799999999999997,"children":null}}}