{"count":1,"self":45.1853152,"total":45.533360699999996,"children":{"AgentResetIfDone":{"count":1062,"self":0.0089867,"total":0.0089867,"children":null},"AgentSendState":{"count":1062,"self":0.0220419,"total":0.0290511,"children":{"CollectObservations":{"count":1060,"self":0.0070091999999999993,"total":0.0070091999999999993,"children":null}}},"DecideAction":{"count":1062,"self":0.2820251,"total":0.2820251,"children":null},"AcademyStep":{"count":1062,"self":0.000996,"total":0.000996,"children":null},"AgentAct":{"count":1062,"self":0.0249867,"total":0.0249867,"children":null}}}