{"count":1,"self":15.059982399999999,"total":15.17657,"children":{"AgentResetIfDone":{"count":621,"self":0.0074319999999999994,"total":0.0074319999999999994,"children":null},"AgentSendState":{"count":621,"self":0.0098129999999999988,"total":0.012912999999999999,"children":{"CollectObservations":{"count":620,"self":0.0031,"total":0.0031,"children":null}}},"DecideAction":{"count":621,"self":0.082943,"total":0.082943,"children":null},"AcademyStep":{"count":621,"self":0.001434,"total":0.001434,"children":null},"AgentAct":{"count":621,"self":0.010303,"total":0.010303,"children":null}}}