{"count":1,"self":13.927007999999999,"total":14.207780999999999,"children":{"AgentResetIfDone":{"count":649,"self":0.0199988,"total":0.0199988,"children":null},"AgentSendState":{"count":649,"self":0.0030020999999999997,"total":0.006011,"children":{"CollectObservations":{"count":705,"self":0.0030088999999999997,"total":0.0030088999999999997,"children":null}}},"DecideAction":{"count":649,"self":0.24379489999999998,"total":0.24379489999999998,"children":null},"AcademyStep":{"count":649,"self":0,"total":0,"children":null},"AgentAct":{"count":649,"self":0.0099680999999999988,"total":0.0099680999999999988,"children":null}}}