{"count":1,"self":12.1574416,"total":12.3224311,"children":{"AgentResetIfDone":{"count":394,"self":0.0039793,"total":0.0039793,"children":null},"AgentSendState":{"count":394,"self":0.0080162999999999988,"total":0.0110282,"children":{"CollectObservations":{"count":195,"self":0.0030118999999999996,"total":0.0030118999999999996,"children":null}}},"DecideAction":{"count":394,"self":0.14199689999999998,"total":0.14199689999999998,"children":null},"AcademyStep":{"count":394,"self":0,"total":0,"children":null},"AgentAct":{"count":394,"self":0.0069844999999999994,"total":0.0069844999999999994,"children":null}}}