{"count":1,"self":512.8229888,"total":519.353611,"children":{"AgentResetIfDone":{"count":24156,"self":0.413481,"total":0.413481,"children":null},"AgentSendState":{"count":24156,"self":0.39261999999999997,"total":0.51583,"children":{"CollectObservations":{"count":19328,"self":0.12321,"total":0.12321,"children":null}}},"DecideAction":{"count":24156,"self":4.641742,"total":4.641742,"children":null},"AcademyStep":{"count":24156,"self":0.095445999999999989,"total":0.095445999999999989,"children":null},"AgentAct":{"count":24156,"self":0.863115,"total":0.863115,"children":null}}}