{"count":1,"self":18.0823616,"total":20.6390545,"children":{"AgentResetIfDone":{"count":878,"self":0.028943999999999998,"total":0.028943999999999998,"children":null},"AgentSendState":{"count":878,"self":0.13806459999999998,"total":1.4815893999999998,"children":{"CollectObservations":{"count":8788,"self":1.3435248,"total":1.3435248,"children":null}}},"DecideAction":{"count":878,"self":0.8733318,"total":0.8733318,"children":null},"AcademyStep":{"count":878,"self":0.0030434999999999998,"total":0.0030434999999999998,"children":null},"AgentAct":{"count":878,"self":0.168787,"total":0.168787,"children":null}}}

