{"count":1,"self":3.9167744,"total":4.0776856,"children":{"AgentResetIfDone":{"count":171,"self":0,"total":0,"children":null},"AgentSendState":{"count":171,"self":0.0059981999999999995,"total":0.15490779999999998,"children":{"CollectObservations":{"count":560,"self":0.1489096,"total":0.1489096,"children":null}}},"DecideAction":{"count":171,"self":0.0010012,"total":0.0010012,"children":null},"AcademyStep":{"count":171,"self":0,"total":0,"children":null},"AgentAct":{"count":171,"self":0.0040019999999999995,"total":0.0040019999999999995,"children":null}}}