{"count":1,"self":92.0266752,"total":107.2306199,"children":{"AgentResetIfDone":{"count":1858,"self":0.21829089999999998,"total":0.21829089999999998,"children":null},"AgentSendState":{"count":1858,"self":1.3829015999999998,"total":2.0407181999999997,"children":{"CollectObservations":{"count":185186,"self":0.6578166,"total":0.6578166,"children":null}}},"DecideAction":{"count":1858,"self":8.5762776,"total":8.5762775,"children":null},"AcademyStep":{"count":1858,"self":0.0060239,"total":0.0060239,"children":null},"AgentAct":{"count":1858,"self":4.3616336,"total":4.3616337,"children":null}}}