{"count":1,"self":12.702527199999999,"total":12.8803945,"children":{"AgentResetIfDone":{"count":530,"self":0.0089833,"total":0.0089833,"children":null},"AgentSendState":{"count":530,"self":0.0080021,"total":0.0129911,"children":{"CollectObservations":{"count":573,"self":0.0049889999999999995,"total":0.0049889999999999995,"children":null}}},"DecideAction":{"count":530,"self":0.1419032,"total":0.1419032,"children":null},"AcademyStep":{"count":530,"self":0.0009793,"total":0.0009793,"children":null},"AgentAct":{"count":530,"self":0.0120048,"total":0.0120048,"children":null}}}