{"count":1,"self":11.625143999999999,"total":11.787330899999999,"children":{"AgentResetIfDone":{"count":469,"self":0.0060279,"total":0.0060279,"children":null},"AgentSendState":{"count":469,"self":0.0090382999999999991,"total":0.0120416,"children":{"CollectObservations":{"count":507,"self":0.0030033,"total":0.0030033,"children":null}}},"DecideAction":{"count":469,"self":0.130123,"total":0.130123,"children":null},"AcademyStep":{"count":469,"self":0,"total":0,"children":null},"AgentAct":{"count":469,"self":0.0129935,"total":0.0129935,"children":null}}}