{"count":1,"self":41.6033536,"total":41.90941,"children":{"AgentResetIfDone":{"count":1951,"self":0.022482,"total":0.022482,"children":null},"AgentSendState":{"count":1951,"self":0.025529,"total":0.035435999999999995,"children":{"CollectObservations":{"count":2146,"self":0.009907,"total":0.009907,"children":null}}},"DecideAction":{"count":1951,"self":0.21137,"total":0.21137,"children":null},"AcademyStep":{"count":1951,"self":0.004581,"total":0.004581,"children":null},"AgentAct":{"count":1951,"self":0.030986999999999997,"total":0.030986999999999997,"children":null}}}