{"count":1,"self":44.7085568,"total":45.315275,"children":{"AgentResetIfDone":{"count":1868,"self":0.0250489,"total":0.0250489,"children":null},"AgentSendState":{"count":1868,"self":0.0230632,"total":0.0380995,"children":{"CollectObservations":{"count":2047,"self":0.015036299999999999,"total":0.015036299999999999,"children":null}}},"DecideAction":{"count":1868,"self":0.4874516,"total":0.4874516,"children":null},"AcademyStep":{"count":1868,"self":0.0020207,"total":0.0020207,"children":null},"AgentAct":{"count":1868,"self":0.053096899999999995,"total":0.053096899999999995,"children":null}}}