{"count":1,"self":58.9898752,"total":59.809953199999995,"children":{"AgentResetIfDone":{"count":2656,"self":0.0261519,"total":0.0261519,"children":null},"AgentSendState":{"count":2656,"self":0.0361588,"total":0.0552878,"children":{"CollectObservations":{"count":2650,"self":0.019129,"total":0.019129,"children":null}}},"DecideAction":{"count":2656,"self":0.66536699999999993,"total":0.66536699999999993,"children":null},"AcademyStep":{"count":2656,"self":0.0049886,"total":0.0049886,"children":null},"AgentAct":{"count":2656,"self":0.0662807,"total":0.0662807,"children":null}}}