{"count":1,"self":30.856636799999997,"total":31.141797099999998,"children":{"AgentResetIfDone":{"count":807,"self":0.0110218,"total":0.0110218,"children":null},"AgentSendState":{"count":807,"self":0.0210279,"total":0.0260578,"children":{"CollectObservations":{"count":800,"self":0.0050298999999999995,"total":0.0050298999999999995,"children":null}}},"DecideAction":{"count":807,"self":0.2259996,"total":0.2259996,"children":null},"AcademyStep":{"count":807,"self":0.0010049,"total":0.0010049,"children":null},"AgentAct":{"count":807,"self":0.0200722,"total":0.0200722,"children":null}}}