{"count":1,"self":145.1513344,"total":146.3543819,"children":{"AgentResetIfDone":{"count":3967,"self":0.0521801,"total":0.0521801,"children":null},"AgentSendState":{"count":3967,"self":0.055134999999999997,"total":0.0762233,"children":{"CollectObservations":{"count":3960,"self":0.021088299999999997,"total":0.021088299999999997,"children":null}}},"DecideAction":{"count":3967,"self":0.9512233,"total":0.9512233,"children":null},"AcademyStep":{"count":3967,"self":0.0050458,"total":0.0050458,"children":null},"AgentAct":{"count":3967,"self":0.11736469999999999,"total":0.11736469999999999,"children":null}}}