{"count":1,"self":213.0865536,"total":217.2353432,"children":{"AgentResetIfDone":{"count":10231,"self":0.0378023,"total":0.0378023,"children":null},"AgentSendState":{"count":10231,"self":0.0397944,"total":0.1986571,"children":{"CollectObservations":{"count":1024,"self":0.1588627,"total":0.1588627,"children":null}}},"DecideAction":{"count":10231,"self":3.7676376,"total":3.7676374,"children":null},"AcademyStep":{"count":10231,"self":0.0084072,"total":0.0084072,"children":null},"AgentAct":{"count":10231,"self":0.1325891,"total":0.1325891,"children":null}}}