{"count":1,"self":3.3721232,"total":3.4280589999999997,"children":{"AgentResetIfDone":{"count":127,"self":0.002006,"total":0.002006,"children":null},"AgentSendState":{"count":127,"self":0.003449,"total":0.004382,"children":{"CollectObservations":{"count":120,"self":0.00093299999999999991,"total":0.00093299999999999991,"children":null}}},"DecideAction":{"count":127,"self":0.044952,"total":0.044952,"children":null},"AcademyStep":{"count":127,"self":0.00037999999999999997,"total":0.00037999999999999997,"children":null},"AgentAct":{"count":127,"self":0.00265,"total":0.00265,"children":null}}}