{"count":1,"self":50.756601599999996,"total":51.206576,"children":{"AgentResetIfDone":{"count":1680,"self":0.0180427,"total":0.0180427,"children":null},"AgentSendState":{"count":1680,"self":0.018077799999999998,"total":0.0220904,"children":{"CollectObservations":{"count":1670,"self":0.0040126,"total":0.0040126,"children":null}}},"DecideAction":{"count":1680,"self":0.37582499999999996,"total":0.37582499999999996,"children":null},"AcademyStep":{"count":1680,"self":0.0020090999999999998,"total":0.0020090999999999998,"children":null},"AgentAct":{"count":1680,"self":0.0310058,"total":0.0310058,"children":null}}}