{"count":1,"self":23.331958399999998,"total":23.502471,"children":{"AgentResetIfDone":{"count":1101,"self":0.013229999999999999,"total":0.013229999999999999,"children":null},"AgentSendState":{"count":1101,"self":0.014447,"total":0.019211,"children":{"CollectObservations":{"count":1100,"self":0.004764,"total":0.004764,"children":null}}},"DecideAction":{"count":1101,"self":0.11680499999999999,"total":0.11680499999999999,"children":null},"AcademyStep":{"count":1101,"self":0.0025659999999999997,"total":0.0025659999999999997,"children":null},"AgentAct":{"count":1101,"self":0.017332999999999998,"total":0.017332999999999998,"children":null}}}