{"count":1,"self":262.76769279999996,"total":263.860022,"children":{"AgentResetIfDone":{"count":6406,"self":0.100116,"total":0.100116,"children":null},"AgentSendState":{"count":6406,"self":0.081256,"total":0.10412099999999999,"children":{"CollectObservations":{"count":3200,"self":0.022865,"total":0.022865,"children":null}}},"DecideAction":{"count":6406,"self":0.74771,"total":0.74771,"children":null},"AcademyStep":{"count":6406,"self":0.022106999999999998,"total":0.022106999999999998,"children":null},"AgentAct":{"count":6406,"self":0.118153,"total":0.118153,"children":null}}}