{"cameraMode":{"drawMode":0,"name":"Shaded","section":"Shading Mode"},"sceneLighting":true,"audioPlay":false,"sceneViewState":{"showFog":true,"showMaterialUpdate":false,"showSkybox":true,"showFlares":true,"showImageEffects":true,"showParticleSystems":true},"in2DMode":false,"pivot":{"x":-23.575878143310548,"y":7.056421279907227,"z":-1.8900222778320313},"rotation":{"x":-0.023609178140759469,"y":0.9676949977874756,"z":-0.09904901683330536,"w":-0.2306664139032364},"size":132.9370574951172,"orthographic":false}