{"count":1,"self":36.5605536,"total":36.9548924,"children":{"AgentResetIfDone":{"count":1792,"self":0.0019351,"total":0.0019351,"children":null},"AgentSendState":{"count":1792,"self":0.0039643,"total":0.0059308,"children":{"CollectObservations":{"count":359,"self":0.0019665,"total":0.0019665,"children":null}}},"DecideAction":{"count":1792,"self":0.37758539999999996,"total":0.37758539999999996,"children":null},"AcademyStep":{"count":1792,"self":0,"total":0,"children":null},"AgentAct":{"count":1792,"self":0.0068866,"total":0.0068866,"children":null}}}