{"count":1,"self":43.4079104,"total":43.602903999999995,"children":{"AgentResetIfDone":{"count":900,"self":0.014747999999999999,"total":0.014747999999999999,"children":null},"AgentSendState":{"count":900,"self":0.015377,"total":0.020626,"children":{"CollectObservations":{"count":890,"self":0.005249,"total":0.005249,"children":null}}},"DecideAction":{"count":900,"self":0.136773,"total":0.136773,"children":null},"AcademyStep":{"count":900,"self":0.002708,"total":0.002708,"children":null},"AgentAct":{"count":900,"self":0.020014999999999998,"total":0.020014999999999998,"children":null}}}