{"count":1,"self":2.3216479999999997,"total":2.3746997,"children":{"AgentResetIfDone":{"count":53,"self":0.0019933,"total":0.0019933,"children":null},"AgentSendState":{"count":53,"self":0.0029969999999999997,"total":0.0039981999999999995,"children":{"CollectObservations":{"count":50,"self":0.0010012,"total":0.0010012,"children":null}}},"DecideAction":{"count":53,"self":0.0430419,"total":0.0430419,"children":null},"AcademyStep":{"count":53,"self":0,"total":0,"children":null},"AgentAct":{"count":53,"self":0.0020090999999999998,"total":0.0020090999999999998,"children":null}}}